"","continent","country","total_cases","total_deaths","total_cases_per_million","total_deaths_per_million","positive_rate","people_fully_vaccinated","people_fully_vaccinated_per_hundred","population","population_density","median_age","aged_65_older","gdp_per_capita","human_development_index","democ","polity2","idv","ape","rpe","rpr"
"1","Asia","Afghanistan",156040,7260,3917.116,182.25,NA,NA,NA,39835428,54.422,18.6,2.581,1803.987,0.511,1,-1,NA,NA,NA,NA
"2","Europe","Albania",181960,2880,63335.949,1002.46,NA,871496,30.33,2872934,104.871,38,13.188,11803.431,0.795,9,9,NA,NA,NA,NA
"3","Africa","Algeria",205903,5894,4614.939,132.103,NA,NA,NA,44616626,17.348,29.1,6.211,13913.839,0.748,3,2,NA,NA,NA,NA
"4","Europe","Andorra",15425,130,199407.917,1680.585,0.045,NA,NA,77354,163.755,NA,NA,NA,0.868,NA,NA,NA,NA,NA,NA
"5","Africa","Angola",63930,1701,1883.973,50.127,NA,1604661,4.73,33933611,23.89,16.8,2.405,5819.495,0.581,2,-2,NA,NA,NA,NA
"6","North America","Anguilla",NA,NA,NA,NA,NA,9157,60.54,15125,NA,NA,NA,NA,NA,NA,NA,NA,NA,NA,NA
"7","North America","Antigua and Barbuda",4031,99,40829.349,1002.755,NA,48797,49.43,98728,231.845,32.1,6.933,21490.943,0.778,NA,NA,NA,NA,NA,NA
"8","South America","Argentina",5281585,115851,115809.444,2540.268,0.023,25336749,55.56,45605823,16.177,31.9,11.198,18933.907,0.845,8.8,8.8,46,0.785949432849884,1.9023668050766,1.14727630615234
"9","Asia","Armenia",296552,6055,99912.133,2040.006,0.122,210247,7.08,2968128,102.931,35.7,11.232,8787.58,0.776,5.4,5.4,NA,NA,NA,NA
"10","North America","Aruba",NA,NA,NA,NA,NA,76504,71.37,107195,584.8,41.2,13.085,35973.781,NA,NA,NA,NA,NA,NA,NA
"11","Oceania","Australia",162016,1653,6282.559,64.099,0.013,15733744,61.01,25788217,3.202,37.9,15.504,44648.71,0.944,10,10,90,NA,NA,NA
"12","Europe","Austria",801456,11261,88626.52,1245.263,0.01,5586892,61.78,9043072,106.749,44.4,19.202,45436.686,0.922,10,10,55,0.846982479095459,1.19948699474335,0.920585584640503
"13","Asia","Azerbaijan",517802,6915,50648.985,676.393,0.182,4323260,42.29,10223344,119.309,32.4,6.018,15847.419,0.756,0,-7,NA,NA,NA,NA
"14","North America","Bahamas",22259,642,56080.158,1617.479,NA,114612,28.88,396914,39.497,34.3,8.996,27717.847,0.814,NA,NA,NA,NA,NA,NA
"15","Asia","Bahrain",276608,1393,158215.862,796.776,0.004,1138329,65.11,1748295,1935.907,32.4,2.372,43290.705,0.852,0,-10,NA,NA,NA,NA
"16","Asia","Bangladesh",1567981,27828,9428.431,167.333,0.018,20590638,12.38,166303494,1265.036,27.5,5.098,3523.984,0.632,2.4,-0.4,20,NA,NA,NA
"17","North America","Barbados",15588,139,54179.932,483.129,NA,119195,41.43,287708,664.463,39.8,14.952,16978.068,0.814,NA,NA,NA,NA,NA,NA
"18","Europe","Belarus",588231,4530,62293.687,479.727,0.058,1863182,19.73,9442867,46.858,40.3,14.799,17167.967,0.823,0,-7,NA,NA,NA,NA
"19","Europe","Belgium",1328202,25889,114181.9,2225.607,0.088,8533325,73.36,11632334,375.564,41.8,18.571,42658.576,0.931,8,8,75,0.752688264846802,1.23452038764954,1.04477560520172
"20","North America","Belize",25881,476,63917.118,1175.555,0.18,NA,NA,404915,16.426,25,3.853,7824.362,0.716,NA,NA,NA,NA,NA,NA
"21","Africa","Benin",24678,161,1982.005,12.931,NA,186951,1.5,12451031,99.11,18.8,3.244,2064.236,0.545,7,7,NA,NA,NA,NA
"22","North America","Bermuda",NA,NA,NA,NA,NA,43738,70.44,62092,1308.82,NA,NA,50669.315,NA,NA,NA,NA,NA,NA,NA
"23","Asia","Bhutan",2617,3,3355.558,3.847,0,517513,66.36,779900,21.188,28.6,4.885,8708.597,0.654,6.2,5.4,NA,NA,NA,NA
"24","South America","Bolivia",509919,18901,43093.193,1597.321,0.084,NA,NA,11832936,10.202,25.4,6.704,6885.829,0.718,7,7,NA,NA,NA,NA
"25","Europe","Bosnia and Herzegovina",249349,11397,76406.353,3492.307,0.254,NA,NA,3263459,68.496,42.5,16.569,11713.895,0.78,NA,NA,NA,NA,NA,NA
"26","Africa","Botswana",185985,2402,77582.97,1001.986,NA,263852,11.01,2397240,4.044,25.8,3.941,15807.374,0.735,8,8,NA,NA,NA,NA
"27","South America","Brazil",21735560,605804,101571.15,2830.947,NA,115489354,53.97,213993441,25.04,33.5,8.552,14103.452,0.765,8,8,38,0.725893008708954,1.48929996490479,1.17733626365662
"28","North America","British Virgin Islands",NA,NA,NA,NA,NA,15762,51.81,30423,207.973,NA,NA,NA,NA,NA,NA,NA,NA,NA,NA
"29","Asia","Brunei",12384,81,28047.797,183.452,NA,241059,54.6,441532,81.347,32.4,4.591,71809.251,0.838,NA,NA,NA,NA,NA,NA
"30","Europe","Bulgaria",575306,23316,83418.121,3380.769,0.156,1448683,21.01,6896655,65.18,44.7,20.801,18563.307,0.816,9,9,30,NA,NA,NA
"31","Africa","Burkina Faso",14793,214,688.139,9.955,NA,278016,1.29,21497097,70.151,17.6,2.409,1703.102,0.452,6,4.8,NA,NA,NA,NA
"32","Africa","Burundi",19945,38,1627.442,3.101,NA,NA,NA,12255429,423.062,17.5,2.562,702.225,0.433,3,0.4,NA,NA,NA,NA
"33","Asia","Cambodia",117888,2743,6956.503,161.863,NA,12967268,76.52,16946446,90.672,25.6,4.412,3645.07,0.594,1.8,-0.4,NA,NA,NA,NA
"34","Africa","Cameroon",100289,1600,3683.81,58.771,NA,155738,0.57,27224262,50.885,18.8,3.165,3364.926,0.563,1,-4,NA,NA,NA,NA
"35","North America","Canada",1709167,28838,44897.838,757.541,0.026,28063268,73.72,38067913,4.037,41.4,16.984,44017.591,0.929,10,10,80,0.732918775081634,0.898765027523041,0.944416332244873
"36","Africa","Cape Verde",38148,349,67890.963,621.106,NA,201213,35.81,561901,135.58,25.7,4.46,6222.554,0.665,10,10,NA,NA,NA,NA
"37","North America","Cayman Islands",NA,NA,NA,NA,NA,56106,84.37,66498,256.496,NA,NA,49903.029,NA,NA,NA,NA,NA,NA,NA
"38","Africa","Central African Republic",11518,100,2341.063,20.325,NA,285529,5.8,4919987,7.479,18.3,3.655,661.24,0.397,7,3.6,NA,NA,NA,NA
"39","Africa","Chad",5069,174,299.675,10.287,NA,44478,0.26,16914985,11.833,16.7,2.486,1768.153,0.398,1,-2,NA,NA,NA,NA
"40","South America","Chile",1683451,37685,87623.323,1961.497,0.028,14627647,76.14,19212362,24.282,35.4,11.087,22767.037,0.851,10,10,23,0.550476998090744,0.621310126781464,1.04793639183044
"41","Asia","China",96937,4636,67.121,3.21,NA,NA,NA,1444216102,147.674,38.7,10.641,15308.712,0.761,0,-7,20,NA,NA,NA
"42","South America","Colombia",4992586,127099,97386.211,2479.214,0.045,20498474,39.98,51265841,44.223,32.2,7.646,13254.949,0.767,7,7,13,0.664983987808228,1.16670804023743,1.25300607681274
"43","Africa","Comoros",4219,147,4748.688,165.456,NA,162098,18.24,888456,437.352,20.4,2.963,1413.89,0.554,7.2,6.6,NA,NA,NA,NA
"44","Africa","Congo",16868,249,2981.784,44.016,NA,120167,2.12,5657017,15.405,19,3.402,4881.406,0.574,0,-4,NA,NA,NA,NA
"45","Oceania","Cook Islands",NA,NA,NA,NA,NA,11192,63.69,17572,NA,NA,NA,NA,NA,NA,NA,NA,NA,NA,NA
"46","North America","Costa Rica",557165,6983,108417.835,1358.811,0.137,2527143,49.18,5139053,96.079,33.6,9.468,15524.995,0.81,10,10,15,NA,NA,NA
"47","Africa","Cote d'Ivoire",61208,690,2262.469,25.505,0.009,840670,3.11,27053629,76.399,18.7,2.933,3601.006,0.538,5,4,NA,NA,NA,NA
"48","Europe","Croatia",446005,9060,109270.573,2219.687,0.281,1774513,43.48,4081657,73.726,44,19.724,22669.797,0.851,9,9,33,NA,NA,NA
"49","North America","Cuba",946960,8191,83672.204,723.747,NA,7013247,61.97,11317498,110.408,43.1,14.738,NA,0.783,0.2,-6.6,NA,NA,NA,NA
"50","North America","Curacao",NA,NA,NA,NA,NA,91894,55.76,164796,362.644,41.7,16.367,NA,NA,NA,NA,NA,NA,NA,NA
"51","Europe","Cyprus",123357,571,137674.455,637.273,0.003,566820,63.26,896005,127.657,37.3,13.416,32415.132,0.887,10,10,NA,NA,NA,NA
"52","Europe","Czechia",1731287,30625,161432.09,2855.597,0.04,6059460,56.5,10724553,137.176,43.3,19.027,32605.906,0.9,9,9,58,0.723281919956207,1.03061225414276,1.15486278533936
"53","Africa","Democratic Republic of Congo",57453,1091,621.934,11.81,NA,38155,0.04,92377986,35.879,17,3.02,808.133,0.48,3,0.2,NA,NA,NA,NA
"54","Europe","Denmark",380186,2701,65399.32,464.624,0.018,4405323,75.78,5813302,136.52,42.3,19.677,46682.515,0.94,10,10,74,NA,NA,NA
"55","Africa","Djibouti",13458,181,13428.498,180.603,NA,NA,NA,1002197,41.285,25.4,4.213,2705.406,0.524,3,3,NA,NA,NA,NA
"56","North America","Dominica",4574,30,63376.379,415.674,NA,23579,32.67,72172,98.567,NA,NA,9673.367,0.742,NA,NA,NA,NA,NA,NA
"57","North America","Dominican Republic",376736,4110,34393.449,375.215,0.16,5253400,47.96,10953714,222.873,27.6,6.981,14600.861,0.756,8,7.4,NA,NA,NA,NA
"58","South America","Ecuador",515659,32953,28826.327,1842.136,0.043,10090387,56.41,17888474,66.939,28.1,7.104,10581.936,0.759,6,5,8,NA,NA,NA
"59","Africa","Egypt",325508,18333,3122.13,175.842,NA,8339003,8,104258327,97.999,25.3,5.159,10550.206,0.707,0,-4,NA,NA,NA,NA
"60","North America","El Salvador",112290,3575,17226.356,548.439,NA,3738899,57.36,6518500,307.811,27.6,8.273,7292.458,0.673,8,8,19,NA,NA,NA
"61","Africa","Equatorial Guinea",13166,163,9080.683,112.422,0.07,185228,12.78,1449891,45.194,22.4,2.846,22604.873,0.592,0,-6,NA,NA,NA,NA
"62","Africa","Eritrea",6795,45,1886.734,12.495,NA,NA,NA,3601462,44.304,19.3,3.607,1510.459,0.459,0,-7,NA,NA,NA,NA
"63","Europe","Estonia",183320,1469,138335.089,1108.522,0.164,752387,56.78,1325188,31.033,42.7,19.452,29481.252,0.892,9,9,60,0.675245141983032,1.01309587955475,1.13907465934753
"64","Africa","Eswatini",46387,1242,39566.894,1059.393,NA,232148,19.8,1172369,79.492,21.5,3.163,7738.975,0.611,0,-9,NA,NA,NA,NA
"65","Africa","Ethiopia",362672,6377,3076.719,54.099,0.071,1063412,0.9,117876226,104.957,19.8,3.526,1729.927,0.485,1.4,-2.2,NA,NA,NA,NA
"66","Europe","Faeroe Islands",NA,NA,NA,NA,NA,37402,76.25,49053,35.308,NA,NA,NA,NA,NA,NA,NA,NA,NA,NA
"67","Oceania","Fiji",52028,673,57623.278,745.377,NA,541638,59.99,902899,49.562,28.6,6.224,8702.975,0.743,3.2,2,NA,NA,NA,NA
"68","Europe","Finland",154888,1150,27915.992,207.268,0.058,3801150,68.51,5548361,18.136,42.8,21.228,40585.721,0.938,10,10,63,0.790311622619629,1.27124502658844,1.00321788787842
"69","Europe","France",7228331,118452,106984.55,1753.176,0.017,45606061,67.5,67564251,122.578,42,19.718,38605.671,0.901,10,10,71,0.895178961753845,1.37274882793427,0.898231828212738
"70","Oceania","French Polynesia",NA,NA,NA,NA,NA,147185,52.09,282534,77.324,32.7,7.775,NA,NA,NA,NA,NA,NA,NA,NA
"71","Africa","Gabon",34898,230,15314.006,100.929,0.045,91802,4.03,2278829,7.859,23.1,4.45,16562.413,0.703,4,3,NA,NA,NA,NA
"72","Africa","Gambia",9956,339,4003.318,136.312,0.002,203746,8.19,2486937,207.566,17.5,2.339,1561.767,0.496,1.6,-1.4,NA,NA,NA,NA
"73","Asia","Georgia",694182,9788,174427.536,2459.437,0.09,907106,22.79,3979773,65.032,38.7,14.864,9745.079,0.812,8,7,NA,NA,NA,NA
"74","Europe","Germany",4485437,95148,53461.404,1134.058,0.083,55112701,65.69,83900471,237.016,46.6,21.453,45229.245,0.947,10,10,67,NA,NA,NA
"75","Africa","Ghana",129948,1172,4095.156,36.934,0.047,825706,2.6,31732128,126.719,21.1,3.385,4227.63,0.611,8,8,NA,NA,NA,NA
"76","Europe","Gibraltar",NA,NA,NA,NA,NA,39803,118.14,33691,3457.1,NA,NA,NA,NA,NA,NA,NA,NA,NA,NA
"77","Europe","Greece",720295,15682,69454.495,1512.138,0.017,6346512,61.2,10370747,83.479,45.3,20.396,24574.382,0.888,10,10,35,NA,NA,NA
"78","North America","Greenland",NA,NA,NA,NA,NA,36953,64.98,56868,0.137,NA,NA,NA,NA,NA,NA,NA,NA,NA,NA
"79","North America","Grenada",5817,196,51471.044,1734.283,NA,30284,26.8,113015,317.132,29.4,7.304,13593.877,0.779,NA,NA,NA,NA,NA,NA
"80","North America","Guatemala",595067,14748,32606.647,808.115,0.099,3134252,17.17,18249868,157.834,22.9,4.694,7423.808,0.663,8.8,8,6,NA,NA,NA
"81","Europe","Guernsey",NA,NA,NA,NA,NA,NA,NA,67052,NA,NA,NA,NA,NA,NA,NA,NA,NA,NA,NA
"82","Africa","Guinea",30642,385,2270.242,28.524,NA,691551,5.12,13497237,51.755,19,3.135,1998.926,0.477,4,4,NA,NA,NA,NA
"83","Africa","Guinea-Bissau",6131,141,3041.94,69.958,NA,10448,0.52,2015490,66.191,19.4,3.002,1548.675,0.48,7,6,NA,NA,NA,NA
"84","South America","Guyana",35104,897,44416.945,1134.97,NA,235081,29.74,790329,3.952,26.3,5.305,7435.047,0.682,7.6,6.8,NA,NA,NA,NA
"85","North America","Haiti",23619,662,2046.409,57.357,NA,28941,0.25,11541683,398.448,24.3,4.8,1653.173,0.51,6,3,NA,NA,NA,NA
"86","North America","Honduras",374148,10191,37180.585,1012.72,NA,2764643,27.47,10062994,82.805,24.9,4.652,4541.795,0.634,7,7,NA,NA,NA,NA
"87","Asia","Hong Kong",12327,213,1632.11,28.201,0,4395742,58.2,7552800,7039.714,44.8,16.303,56054.92,0.949,NA,NA,25,NA,NA,NA
"88","Europe","Hungary",850513,30567,88280.953,3172.772,0.12,5721531,59.39,9634162,108.043,43.4,18.577,26777.561,0.854,10,10,80,0.614689302444458,0.800358366966248,1.04188718795776
"89","Europe","Iceland",13142,33,38274.697,96.109,NA,278276,81.04,343360,3.404,37.3,14.431,46482.958,0.949,NA,NA,NA,NA,NA,NA
"90","Asia","India",34202202,455068,24545.701,326.586,0.011,305705808,21.94,1393409033,450.419,28.2,5.989,6426.674,0.645,9,9,48,0.606407034397125,1.11422770023346,0.667826306819916
"91","Asia","Indonesia",4240479,143235,15343.941,518.288,NA,68264009,24.7,276361788,145.725,29.3,5.319,11188.744,0.718,9,9,14,NA,NA,NA
"92","Asia","Iran",5868360,125363,69016.178,1474.36,0.096,30139400,35.45,85028760,49.831,32.4,5.44,19082.62,0.783,0,-7,41,NA,NA,NA
"93","Asia","Iraq",2047811,22993,49729.074,558.362,0.08,3351014,8.14,41179351,88.125,20,3.186,15663.986,0.674,6,6,NA,NA,NA,NA
"94","Europe","Ireland",431722,5369,86640.642,1077.484,0.089,3741731,75.09,4982904,69.874,38.7,13.928,67335.293,0.955,10,10,70,NA,NA,NA
"95","Europe","Isle of Man",NA,NA,NA,NA,NA,64336,75.33,85410,147.872,NA,NA,NA,NA,NA,NA,NA,NA,NA,NA
"96","Asia","Israel",1324040,8062,150634.1,917.202,0.01,5718253,65.06,8789776,402.606,30.6,11.733,33132.32,0.919,7,6,54,0.773044276237488,0.960005378723145,1.13839914798737
"97","Europe","Italy",4743720,131856,78580.731,2184.223,0.007,42807146,70.91,60367471,205.859,47.9,23.021,35220.084,0.892,10,10,76,0.801420831680298,0.909890580177307,0.683164715766907
"98","North America","Jamaica",88431,2183,29740.081,734.161,0.103,361567,12.16,2973462,266.879,31.4,9.684,8193.571,0.734,9,9,39,0.735781955718994,1.62328763008118,0.933928227424622
"99","Asia","Japan",1717851,18214,13628.244,144.497,0.008,88797909,70.45,126050796,347.778,48.2,27.049,39002.223,0.919,10,10,46,0.862690556049347,0.929986894130707,1.02589025497437
"100","Europe","Jersey",NA,NA,NA,NA,NA,74457,73.67,101073,NA,NA,NA,NA,NA,NA,NA,NA,NA,NA,NA
"101","Asia","Jordan",853012,10965,83066.528,1067.775,0.044,3479694,33.89,10269022,109.285,23.2,3.81,8337.49,0.729,2,-3,NA,NA,NA,NA
"102","Asia","Kazakhstan",1009918,16957,53167.688,892.711,NA,7329137,38.58,18994958,6.681,30.6,6.991,24055.588,0.825,0,-6,NA,NA,NA,NA
"103","Africa","Kenya",252688,5260,4595.522,95.661,NA,1430758,2.6,54985702,87.324,20,2.686,2993.028,0.601,9,9,NA,NA,NA,NA
"104","Oceania","Kiribati",2,NA,16.476,NA,NA,11253,9.27,121388,143.701,23.2,3.895,1981.132,0.63,NA,NA,NA,NA,NA,NA
"105","Europe","Kosovo",160638,2975,90481.013,1675.699,0.006,697728,39.3,1775378,168.155,NA,NA,9795.834,NA,8,8,NA,NA,NA,NA
"106","Asia","Kuwait",412557,2461,95310.604,568.55,0.002,NA,NA,4328553,232.128,33.7,2.345,65530.537,0.806,0,-7,NA,NA,NA,NA
"107","Asia","Kyrgyzstan",180629,2655,27250.987,400.552,NA,721857,10.89,6628347,32.333,26.3,4.489,3393.474,0.697,7.4,7.4,NA,NA,NA,NA
"108","Asia","Laos",36248,53,4912.08,7.182,0.186,2698846,36.57,7379358,29.715,24.4,4.029,6397.36,0.613,0,-7,NA,NA,NA,NA
"109","Europe","Latvia",203460,3049,108980.821,1633.159,0.137,977902,52.38,1866934,31.212,43.9,19.754,25063.846,0.866,8,8,70,NA,NA,NA
"110","Asia","Lebanon",638054,8459,94259.088,1249.64,NA,1461509,21.59,6769151,594.561,31.1,8.514,13367.565,0.744,6,6,NA,NA,NA,NA
"111","Africa","Lesotho",21587,656,9998.3,303.835,NA,NA,NA,2159067,73.562,22.2,4.506,2851.153,0.527,9,8,NA,NA,NA,NA
"112","Africa","Liberia",5811,287,1121.77,55.403,NA,249861,4.82,5180208,49.127,19.2,3.057,752.788,0.48,7.2,6.2,NA,NA,NA,NA
"113","Africa","Libya",354215,5028,50903.652,722.566,NA,370707,5.33,6958538,3.623,29,4.424,17881.509,0.724,NA,0,NA,NA,NA,NA
"114","Europe","Liechtenstein",3629,60,94865.896,1568.463,0.032,24152,63.14,38254,237.012,NA,NA,NA,0.919,NA,NA,NA,NA,NA,NA
"115","Europe","Lithuania",390031,5661,145000.375,2104.569,0.14,1643889,61.11,2689862,45.135,43.5,19.002,29524.265,0.882,10,10,60,NA,NA,NA
"116","Europe","Luxembourg",80603,842,126971.05,1326.373,0.053,NA,NA,634814,231.447,39.7,14.312,94277.965,0.916,10,10,60,0.744466698169708,0.749647963047028,0.723870766162872
"117","Asia","Macao",NA,NA,NA,NA,NA,343230,52.13,658391,20546.766,39.2,9.798,104861.851,NA,NA,NA,NA,NA,NA,NA
"118","Africa","Madagascar",43622,960,1534.509,33.77,NA,184632,0.65,28427333,43.951,19.6,2.929,1416.44,0.528,6,6,NA,NA,NA,NA
"119","Africa","Malawi",61765,2296,3143.628,116.859,NA,533726,2.72,19647681,197.519,18.1,2.979,1095.042,0.483,6,6,NA,NA,NA,NA
"120","Asia","Malaysia",2436498,28492,74337.427,869.289,0.05,23906468,72.94,32776195,96.254,29.9,6.293,26808.164,0.81,6.2,5.4,26,NA,NA,NA
"121","Asia","Maldives",87071,240,160168.868,441.485,0.028,353773,65.08,543620,1454.433,30.6,4.12,15183.616,0.74,NA,NA,NA,NA,NA,NA
"122","Africa","Mali",15866,559,760.75,26.803,NA,257460,1.23,20855724,15.196,16.4,2.519,2014.306,0.434,6,5,NA,NA,NA,NA
"123","Europe","Malta",37564,460,73001.609,893.961,0.008,426469,82.88,514564,1454.037,42.4,19.426,36513.323,0.895,NA,NA,59,0.742692947387695,1.10120294094086,0.955951118469238
"124","Oceania","Marshall Islands",4,NA,67.094,NA,NA,NA,NA,59618,295.15,NA,NA,3819.202,0.704,NA,NA,NA,NA,NA,NA
"125","Africa","Mauritania",36989,792,7746.209,165.86,NA,588714,12.33,4775110,4.289,20.3,3.138,3597.633,0.546,0,-2,NA,NA,NA,NA
"126","Africa","Mauritius",17143,153,13462.088,120.148,NA,834104,65.5,1273428,622.962,37.4,10.945,20292.745,0.804,10,10,NA,NA,NA,NA
"127","North America","Mexico",3784448,286496,29052.537,2199.379,0.191,53487503,41.06,130262220,66.444,29.3,6.857,17336.469,0.779,8,8,30,0.45042519569397,0.55947835445404,1.10484498739243
"128","Oceania","Micronesia (country)",1,NA,8.602,NA,NA,NA,NA,116255,150.777,23,4.81,3299.464,0.62,NA,NA,NA,NA,NA,NA
"129","Europe","Moldova",329294,7535,81831.997,1872.503,0.205,849997,21.12,4024025,123.655,37.6,10.864,5189.972,0.75,9,9,NA,NA,NA,NA
"130","Europe","Monaco",3394,36,85880.567,910.931,NA,NA,NA,39520,19347.5,NA,NA,NA,NA,NA,NA,NA,NA,NA,NA
"131","Asia","Mongolia",351835,1677,105678.942,503.712,0.187,2137780,64.21,3329282,1.98,28.6,4.031,11840.846,0.737,10,10,NA,NA,NA,NA
"132","Europe","Montenegro",141292,2071,224968.991,3297.503,NA,238953,38.05,628051,46.28,39.1,14.762,16409.288,0.829,9,9,NA,NA,NA,NA
"133","Africa","Morocco",944378,14621,25288.081,391.514,0.027,21449332,57.44,37344787,80.08,29.6,6.769,7485.013,0.686,1,-4,46,NA,NA,NA
"134","Africa","Mozambique",151226,1928,4701.856,59.945,0.014,1825866,5.68,32163045,37.728,17.7,3.158,1136.103,0.456,6,5,NA,NA,NA,NA
"135","Asia","Myanmar",494974,18560,9031.381,338.649,0.058,4574418,8.35,54806014,81.721,29.1,5.732,5591.597,0.583,6,4.6,NA,NA,NA,NA
"136","Africa","Namibia",128849,3550,49799.717,1372.063,0.054,232548,8.99,2587344,3.078,22,3.552,9541.808,0.646,6,6,NA,NA,NA,NA
"137","Asia","Nepal",809729,11361,27286.645,382.849,0.086,6485923,21.86,29674920,204.43,25,5.809,2442.804,0.602,6.4,6.2,NA,NA,NA,NA
"138","Europe","Netherlands",2127556,18758,123888.916,1092.29,0.066,11731427,68.31,17173094,508.544,43.2,18.779,48472.545,0.944,10,10,80,NA,NA,NA
"139","Oceania","New Caledonia",NA,NA,NA,NA,NA,150374,52.17,288217,15.342,33.4,9.954,NA,NA,NA,NA,NA,NA,NA,NA
"140","Oceania","New Zealand",5823,28,1197.99,5.761,0.004,2987389,61.46,4860642,18.206,37.9,15.322,36085.843,0.931,10,10,79,0.752819979190826,0.973248779773712,1.13482642173767
"141","North America","Nicaragua",16241,207,2423.169,30.885,NA,362357,5.41,6702379,51.667,27.3,5.445,5321.444,0.66,7.8,7.2,NA,NA,NA,NA
"142","Africa","Niger",6260,208,249.097,8.277,NA,323533,1.29,25130810,16.955,15.1,2.553,926,0.394,6.4,5.4,NA,NA,NA,NA
"143","Africa","Nigeria",211171,2884,998.913,13.642,0.011,2875824,1.36,211400704,209.588,18.1,2.751,5338.454,0.539,7.2,6.4,NA,NA,NA,NA
"144","Europe","North Macedonia",199901,7062,95983.456,3390.854,NA,769356,36.94,2082661,82.6,39.1,13.26,13111.214,0.774,9,9,NA,NA,NA,NA
"145","Asia","Northern Cyprus",NA,NA,NA,NA,NA,258587,67.65,NA,NA,NA,NA,NA,NA,NA,NA,NA,NA,NA,NA
"146","Europe","Norway",201410,894,36850.287,163.568,0.069,3723946,68.13,5465629,14.462,39.7,16.821,64800.057,0.957,10,10,69,0.75996333360672,0.838027334213257,0.876012766361237
"147","Asia","Oman",304183,4110,58234.942,786.847,NA,2614847,50.06,5223376,14.98,30.7,2.355,37960.709,0.813,0,-8,NA,NA,NA,NA
"148","Asia","Pakistan",1269806,28392,5638.572,126.075,0.014,38596890,17.14,225199929,255.573,23.5,4.495,5034.708,0.557,7,7,14,0.579883742332459,0.824821531772614,0.800209093093872
"149","Oceania","Palau",8,NA,440.189,NA,NA,NA,NA,18174,47.237,NA,NA,13240.405,0.826,NA,NA,NA,NA,NA,NA
"150","Asia","Palestine",451459,4636,86440.76,887.654,0.094,NA,NA,5222756,778.202,20.4,3.043,4449.898,0.708,NA,NA,NA,NA,NA,NA
"151","North America","Panama",471669,7310,107648.081,1668.347,0.025,2358576,53.83,4381583,55.133,29.7,7.918,22267.037,0.815,9,9,11,0.371072226762772,0.548493611812592,1.18733813762665
"152","Oceania","Papua New Guinea",27895,335,3058.996,36.736,NA,106657,1.17,9119005,18.22,22.6,3.808,3823.194,0.555,5,5,NA,NA,NA,NA
"153","South America","Paraguay",460754,16232,63819.517,2248.311,0.03,2199261,30.46,7219641,17.144,26.5,6.378,8827.01,0.728,9,9,NA,NA,NA,NA
"154","South America","Peru",2195859,200052,65824.266,5996.868,0.04,14823045,44.43,33359415,25.129,29.1,7.151,12236.706,0.777,9,9,16,0.489511674642563,0.841705501079559,1.44956848621368
"155","Asia","Philippines",2761307,41942,24866.131,377.696,0.102,25955669,23.37,111046910,351.873,25.2,4.803,7599.188,0.718,8,8,32,NA,NA,NA
"156","Europe","Poland",2975880,76447,78733.233,2022.568,0.113,19833946,52.47,37797000,124.027,41.8,16.763,27216.445,0.88,10,10,60,0.511498957872391,0.660238671302795,1.01415301561356
"157","Europe","Portugal",1085451,18138,106752.48,1783.845,0.021,8827654,86.82,10167923,112.371,46.2,21.502,27936.896,0.864,10,10,27,NA,NA,NA
"158","Asia","Qatar",238640,609,81432.536,207.813,NA,NA,NA,2930524,227.322,31.9,1.307,116935.6,0.848,0,-10,NA,NA,NA,NA
"159","Europe","Romania",1571115,44980,82137.899,2351.555,0.265,5919840,30.95,19127772,85.129,43,17.85,23313.199,0.828,9,9,30,NA,NA,NA
"160","Europe","Russia",8149946,227506,55855.206,1559.2,0.056,47905303,32.83,145912022,8.823,39.6,14.178,24765.954,0.824,5,4,39,0.635445463657379,1.31339156627655,1.11554658412933
"161","Africa","Rwanda",99431,1320,7489.238,99.424,0.004,1762683,13.28,13276517,494.869,20.3,2.974,1854.211,0.543,0,-3,NA,NA,NA,NA
"162","North America","Saint Kitts and Nevis",2637,21,49247.376,392.186,0.055,24054,44.92,53546,212.865,NA,NA,24654.385,0.779,NA,NA,NA,NA,NA,NA
"163","North America","Saint Lucia",12433,250,67423.712,1355.741,NA,38023,20.62,184401,293.187,34.9,9.721,12951.839,0.759,NA,NA,NA,NA,NA,NA
"164","North America","Saint Vincent and the Grenadines",4860,63,43677.934,566.195,NA,14950,13.44,111269,281.787,31.8,7.724,10727.146,0.738,NA,NA,NA,NA,NA,NA
"165","Oceania","Samoa",3,NA,14.989,NA,NA,78596,39.27,200144,69.413,22,5.606,6021.557,0.715,NA,NA,NA,NA,NA,NA
"166","Europe","San Marino",5509,92,161981.77,2705.087,NA,NA,NA,34010,556.667,NA,NA,56861.47,NA,NA,NA,NA,NA,NA,NA
"167","Africa","Sao Tome and Principe",3697,56,16551.459,250.712,NA,27883,12.48,223364,212.841,18.7,2.886,3052.714,0.625,NA,NA,NA,NA,NA,NA
"168","Asia","Saudi Arabia",548303,8780,15514.784,248.439,0.001,21244469,60.11,35340680,15.322,31.9,3.295,49045.411,0.854,0,-10,NA,NA,NA,NA
"169","Africa","Senegal",73896,1878,4297.201,109.209,0.003,879073,5.11,17196308,82.328,18.7,3.008,2470.58,0.512,7,7,NA,NA,NA,NA
"170","Europe","Serbia",1104117,9571,159826.462,1385.45,0.307,2983451,43.19,6908224,80.291,41.2,17.366,14048.881,0.806,9,8,25,NA,NA,NA
"171","Africa","Seychelles",22135,119,223789.303,1203.114,NA,76188,77.03,98910,208.354,36.2,8.606,26382.287,0.796,NA,NA,NA,NA,NA,NA
"172","Africa","Sierra Leone",6397,121,785.743,14.862,NA,110744,1.36,8141343,104.7,19.1,2.538,1390.3,0.452,8,7,NA,NA,NA,NA
"173","Asia","Singapore",175818,329,29816.419,55.794,0.093,4695624,79.63,5896684,7915.731,42.4,12.922,85535.383,0.938,2,-2,20,NA,NA,NA
"174","North America","Sint Maarten (Dutch part)",NA,NA,NA,NA,NA,24190,55.71,43421,1209.088,NA,NA,36327.232,NA,NA,NA,NA,NA,NA,NA
"175","Europe","Slovakia",457431,12917,83767.433,2365.436,0.097,2294490,42.02,5460726,113.128,41.2,15.07,30155.152,0.86,10,10,52,NA,NA,NA
"176","Europe","Slovenia",320620,4693,154238.925,2257.636,0.299,1113046,53.54,2078723,102.619,44.5,19.062,31400.84,0.917,10,10,27,0.663387823104858,1.19368033409119,1.04917664527893
"177","Oceania","Solomon Islands",20,NA,28.409,NA,NA,31054,4.41,703995,21.841,20.8,3.507,2205.923,0.567,9,8,NA,NA,NA,NA
"178","Africa","Somalia",21998,1208,1344.662,73.841,NA,285192,1.74,16359500,23.5,16.8,2.731,NA,NA,5,5,NA,NA,NA,NA
"179","Africa","South Africa",2919778,88934,48628.93,1481.197,0.016,11546163,19.23,60041996,46.754,27.3,5.344,12294.876,0.709,9,9,NA,NA,NA,NA
"180","Asia","South Korea",354355,2788,6906.807,54.341,0.036,36424121,71,51305184,527.967,43.4,13.914,35938.374,0.916,8,8,18,0.713659477233887,0.827645313739777,1.07145118713379
"181","Africa","South Sudan",12293,133,1080.098,11.686,NA,42361,0.37,11381377,NA,19.2,3.441,1569.888,0.433,NA,0,NA,NA,NA,NA
"182","Europe","Spain",5002217,87186,107010.256,1865.132,0.023,37234272,79.65,46745211,93.105,45.5,19.436,34272.36,0.904,10,10,51,NA,NA,NA
"183","Asia","Sri Lanka",536645,13640,24963.361,634.498,0.113,13156574,61.2,21497306,341.955,34.1,10.069,11669.077,0.782,6.4,5.4,NA,NA,NA,NA
"184","Africa","Sudan",40433,3099,900.325,69.006,NA,NA,NA,44909351,23.258,19.7,3.548,4466.507,0.51,0,-4,NA,NA,NA,NA
"185","South America","Suriname",48334,1064,81673.138,1797.911,NA,195485,33.03,591798,3.612,29.6,6.933,13767.119,0.738,6,5,47,0.509607708454132,0.886011981964111,0.812580347061157
"186","Europe","Sweden",1165996,14993,114761.59,1475.666,0.029,6845102,67.37,10160159,24.718,41,19.985,46949.283,0.945,10,10,71,0.792089676856995,1.21320462226868,1.04846441745758
"187","Europe","Switzerland",865708,11193,99329.768,1284.265,0.061,5450816,62.54,8715494,214.243,43.1,18.436,57410.166,0.955,10,10,68,NA,NA,NA
"188","Asia","Syria",41799,2517,2287.135,137.724,NA,407405,2.23,18275704,NA,21.7,NA,NA,0.567,0,-9,NA,NA,NA,NA
"189","Asia","Taiwan",16376,847,686.481,35.506,0,6678571,28,23855008,NA,42.2,NA,NA,NA,10,10,17,NA,NA,NA
"190","Asia","Tajikistan",17486,125,1793.505,12.821,NA,2106807,21.61,9749625,64.281,23.3,3.466,2896.913,0.668,1,-3,NA,NA,NA,NA
"191","Africa","Tanzania",26115,725,424.645,11.789,NA,885579,1.44,61498438,64.699,17.7,3.108,2683.304,0.529,3.6,2.2,NA,NA,NA,NA
"192","Asia","Thailand",1859157,18799,26578.05,268.746,0.208,26474522,37.85,69950844,135.132,40.1,11.373,16277.671,0.777,0,-3,20,0.45442214012146,0.943017637729645,1.18846831321716
"193","Asia","Timor",19774,121,14714.166,90.038,0.035,335482,24.96,1343875,87.176,18,3.556,6570.102,0.606,9,8,NA,NA,NA,NA
"194","Africa","Togo",26000,242,3066.673,28.544,0.012,419768,4.95,8478242,143.366,19.4,2.839,1429.813,0.515,1,-2,NA,NA,NA,NA
"195","Oceania","Tokelau",NA,NA,NA,NA,NA,968,70.76,1368,NA,NA,NA,NA,NA,NA,NA,NA,NA,NA,NA
"196","Oceania","Tonga",NA,NA,NA,NA,NA,33458,31.34,106759,150.028,22.3,5.82,5425.621,0.725,NA,NA,NA,NA,NA,NA
"197","North America","Trinidad and Tobago",55798,1650,39759.893,1175.738,NA,585737,41.74,1403374,266.886,36.2,10.014,28763.071,0.796,10,10,16,NA,NA,NA
"198","Africa","Tunisia",711821,25155,59637.657,2107.532,0.028,4342563,36.38,11935764,74.228,32.7,8.001,10849.297,0.74,7,7,NA,NA,NA,NA
"199","Asia","Turkey",7879438,69344,92652.687,815.402,0.079,48218503,56.7,85042736,104.914,31.6,8.153,25129.341,0.82,1.6,-1.2,37,0.667516005039215,0.840688288211823,0.833843553066254
"200","Africa","Uganda",125758,3200,2668.688,67.907,0.021,415486,0.88,47123533,213.759,16.4,2.168,1697.707,0.544,1,-1,NA,NA,NA,NA
"201","Europe","Ukraine",2913666,68365,67031.954,1572.809,0.332,7058802,16.24,43466822,77.39,41.4,16.462,7894.393,0.779,5,4,NA,NA,NA,NA
"202","Asia","United Arab Emirates",739381,2131,74004.089,213.29,0,8604768,86.12,9991083,112.442,34,1.144,67293.483,0.89,0,-8,NA,NA,NA,NA
"203","Europe","United Kingdom",8851104,139990,129768.047,2052.425,0.052,45561445,66.8,68207114,272.898,40.8,18.517,39753.244,0.932,8.8,8.8,89,0.726771080493927,0.969803309440613,1.03214688301086
"204","North America","United States",45547158,737342,136813.144,2214.805,0.063,190699790,56.7,332915074,35.608,38.3,15.413,54225.446,0.926,8.8,8.8,91,0.71858137845993,0.753597402572632,0.897194874286652
"205","South America","Uruguay",392319,6073,112568.691,1742.535,0.019,2615742,75.05,3485152,19.751,35.6,14.655,20551.409,0.817,10,10,36,NA,NA,NA
"206","Asia","Uzbekistan",183928,1306,5419.887,38.484,NA,5882086,17.33,33935765,76.134,28.2,4.469,6253.104,0.72,0,-9,NA,NA,NA,NA
"207","Oceania","Vanuatu",4,1,12.72,3.18,NA,30554,9.72,314464,22.662,23.1,4.394,2921.909,0.609,NA,NA,NA,NA,NA,NA
"208","Europe","Vatican",27,NA,33251.232,NA,NA,NA,NA,812,NA,NA,NA,NA,NA,NA,NA,NA,NA,NA,NA
"209","South America","Venezuela",401259,4822,13978.74,167.985,NA,NA,NA,28704947,36.253,29,6.614,16745.022,0.711,2.8,1.2,12,0.631664663553238,1.09486731886864,1.05941920280457
"210","Asia","Vietnam",892579,21738,9092.285,221.435,0.037,21045837,21.44,98168829,308.127,32.6,7.15,6171.884,0.704,0,-7,20,NA,NA,NA
"211","Oceania","Wallis and Futuna",NA,NA,NA,NA,NA,5464,49.25,11094,NA,NA,NA,NA,NA,NA,NA,NA,NA,NA,NA
"212","Asia","Yemen",9694,1850,317.934,60.674,NA,NA,NA,30490639,53.508,20.3,2.922,1479.147,0.47,NA,0,NA,NA,NA,NA
"213","Africa","Zambia",209639,3659,11079.901,193.387,0.003,511004,2.7,18920657,22.995,17.7,2.48,3689.251,0.584,6.4,6.4,NA,NA,NA,NA
"214","Africa","Zimbabwe",132688,4673,8791.843,309.631,0.013,2560938,16.97,15092171,42.729,19.6,2.822,1899.775,0.571,5,4,NA,NA,NA,NA
